Tue Oct 21,Time,Location
Wed Oct 22,Time,Location
Thu Oct 23,Time,Location
Fri Oct 24,Time,Location
Sat Oct 25,Time,Location
Sun Oct 26,Time,Location
Mon Oct 27,Time,Location
Tue Oct 28,Time,Location
Wed Oct 29,Time,Location
Thu Oct 30,Time,Location
Fri Oct 31,Time,Location
Sat Nov 1,Time,Location
Sun Nov 2,Time,Location
Mon Nov 3,Time,Location
Tue Nov 4,Time,Location
Wed Nov 5,Time,Location
Thu Nov 6,Time,Location
Fri Nov 7,Time,Location
Sat Nov 8,Time,Location
Sun Nov 9,Time,Location
Mon Nov 10,Time,Location
Tue Nov 11,Time,Location
Wed Nov 12,Time,Location
Thu Nov 13,Time,Location
Fri Nov 14,Time,Location
Sat Nov 15,Time,Location
Sun Nov 16,Time,Location
Mon Nov 17,Time,Location
Tue Nov 18,Time,Location
Wed Nov 19,Time,Location
Thu Nov 20,Time,Location
Fri Nov 21,Time,Location
Sat Nov 22,Time,Location
Sun Nov 23,Time,Location
Mon Nov 24,Time,Location
Tue Nov 25,Time,Location
Wed Nov 26,Time,Location
Fri Nov 28,Time,Location
Sat Nov 29,Time,Location
Sun Nov 30,Time,Location
Mon Dec 1,Time,Location
Tue Dec 2,Time,Location
Wed Dec 3,Time,Location
Thu Dec 4,Time,Location
Fri Dec 5,Time,Location
Sat Dec 6,Time,Location
Sun Dec 7,Time,Location
Mon Dec 8,Time,Location
Wed Dec 17,Time,Location
Thu Dec 18,Time,Location
Fri Dec 19,Time,Location
Sat Dec 20,Time,Location
Sun Dec 21,Time,Location
Mon Dec 22,Time,Location
Tue Dec 23,Time,Location
Thu Dec 25,Time,Location
Fri Dec 26,Time,Location
Sat Dec 27,Time,Location
Sun Dec 28,Time,Location
Mon Dec 29,Time,Location
Tue Dec 30,Time,Location
Wed Dec 31,Time,Location
Thu Jan 1,Time,Location
Fri Jan 2,Time,Location
Sat Jan 3,Time,Location
Sun Jan 4,Time,Location
Mon Jan 5,Time,Location
Tue Jan 6,Time,Location
Wed Jan 7,Time,Location
Thu Jan 8,Time,Location
Fri Jan 9,Time,Location
Sat Jan 10,Time,Location
Sun Jan 11,Time,Location
Mon Jan 12,Time,Location
Tue Jan 13,Time,Location
Wed Jan 14,Time,Location
Thu Jan 15,Time,Location
Fri Jan 16,Time,Location
Sat Jan 17,Time,Location
Sun Jan 18,Time,Location
Mon Jan 19,Time,Location
Tue Jan 20,Time,Location
Wed Jan 21,Time,Location
Thu Jan 22,Time,Location
Fri Jan 23,Time,Location
Sat Jan 24,Time,Location
Sun Jan 25,Time,Location
Mon Jan 26,Time,Location
Tue Jan 27,Time,Location
Wed Jan 28,Time,Location
Thu Jan 29,Time,Location
Fri Jan 30,Time,Location
Sat Jan 31,Time,Location
Sun Feb 1,Time,Location
Mon Feb 2,Time,Location
Tue Feb 3,Time,Location
Wed Feb 4,Time,Location
Thu Feb 5,Time,Location
Fri Feb 6,Time,Location
Sat Feb 7,Time,Location
Sun Feb 8,Time,Location
Mon Feb 9,Time,Location
Tue Feb 10,Time,Location
Wed Feb 11,Time,Location
Thu Feb 12,Time,Location
Thu Feb 19,Time,Location
Fri Feb 20,Time,Location
Sat Feb 21,Time,Location
Sun Feb 22,Time,Location
Mon Feb 23,Time,Location
Tue Feb 24,Time,Location
Wed Feb 25,Time,Location
Thu Feb 26,Time,Location
Fri Feb 27,Time,Location
Sat Feb 28,Time,Location
Sun Mar 1,Time,Location
Mon Mar 2,Time,Location
Tue Mar 3,Time,Location
Wed Mar 4,Time,Location
Thu Mar 5,Time,Location
Fri Mar 6,Time,Location
Sat Mar 7,Time,Location
Sun Mar 8,Time,Location
Mon Mar 9,Time,Location
Tue Mar 10,Time,Location
Wed Mar 11,Time,Location
Thu Mar 12,Time,Location
Fri Mar 13,Time,Location
Sat Mar 14,Time,Location
Sun Mar 15,Time,Location
Mon Mar 16,Time,Location
Tue Mar 17,Time,Location
Wed Mar 18,Time,Location
Thu Mar 19,Time,Location
Fri Mar 20,Time,Location
Sat Mar 21,Time,Location
Sun Mar 22,Time,Location
Mon Mar 23,Time,Location
Tue Mar 24,Time,Location
Wed Mar 25,Time,Location
Thu Mar 26,Time,Location
Fri Mar 27,Time,Location
Sat Mar 28,Time,Location
Sun Mar 29,Time,Location
Mon Mar 30,Time,Location
Tue Mar 31,Time,Location
Wed Apr 1,Time,Location
Thu Apr 2,Time,Location
Fri Apr 3,Time,Location
Sat Apr 4,Time,Location
Sun Apr 5,Time,Location
Mon Apr 6,Time,Location
Tue Apr 7,Time,Location
Wed Apr 8,Time,Location
Thu Apr 9,Time,Location
Fri Apr 10,Time,Location
Sun Apr 12,Time,Location
Houston @ Okla City,7:30 PM,Paycom Center
Golden State @ LA Lakers,10:00 PM,Crypto.com Arena
Cleveland @ New York,7:00 PM,Madison Square Garden
Brooklyn @ Charlotte,7:00 PM,Spectrum Center
Miami @ Orlando,7:00 PM,Kia Center
Toronto @ Atlanta,7:30 PM,State Farm Arena
Philadelphia @ Boston,7:30 PM,TD Garden
Detroit @ Chicago,8:00 PM,United Center
New Orleans @ Memphis,8:00 PM,FedExForum
Washington @ Milwaukee,8:00 PM,Fiserv Forum
LA Clippers @ Utah,9:00 PM,Delta Center
San Antonio @ Dallas,9:30 PM,American Airlines Center
Sacramento @ Phoenix,10:00 PM,Mortgage Matchup Center
Minnesota @ Portland,10:00 PM,Moda Center
Okla City @ Indiana,7:30 PM,Gainbridge Fieldhouse
Denver @ Golden State,10:00 PM,Chase Center
Milwaukee @ Toronto,6:30 PM,Scotiabank Arena
Atlanta @ Orlando,7:00 PM,Kia Center
Cleveland @ Brooklyn,7:30 PM,Barclays Center
Boston @ New York,7:30 PM,Madison Square Garden
Detroit @ Houston,8:00 PM,Toyota Center
Miami @ Memphis,8:00 PM,FedExForum
San Antonio @ New Orleans,8:00 PM,Smoothie King Center
Washington @ Dallas,8:30 PM,American Airlines Center
Golden State @ Portland,10:00 PM,Moda Center
Utah @ Sacramento,10:00 PM,Golden 1 Center
Minnesota @ LA Lakers,10:00 PM,Crypto.com Arena
Phoenix @ LA Clippers,10:30 PM,Intuit Dome
Chicago @ Orlando,7:00 PM,Kia Center
Okla City @ Atlanta,7:30 PM,State Farm Arena
Charlotte @ Philadelphia,7:30 PM,Xfinity Mobile Arena
Indiana @ Memphis,8:00 PM,FedExForum
Phoenix @ Denver,9:00 PM,Ball Arena
Brooklyn @ San Antonio,2:00 PM,Frost Bank Center
Boston @ Detroit,3:30 PM,Little Caesars Arena
Milwaukee @ Cleveland,6:00 PM,Rocket Arena
New York @ Miami,6:00 PM,Kaseya Center
Charlotte @ Washington,6:00 PM,Capital One Arena
Indiana @ Minnesota,7:00 PM,Target Center
Toronto @ Dallas,7:30 PM,American Airlines Center
Portland @ LA Clippers,9:00 PM,Intuit Dome
LA Lakers @ Sacramento,9:00 PM,Golden 1 Center
Orlando @ Philadelphia,7:00 PM,Xfinity Mobile Arena
Cleveland @ Detroit,7:00 PM,Little Caesars Arena
Atlanta @ Chicago,8:00 PM,United Center
Brooklyn @ Houston,8:00 PM,Toyota Center
Boston @ New Orleans,8:00 PM,Smoothie King Center
Toronto @ San Antonio,8:00 PM,Frost Bank Center
Okla City @ Dallas,8:30 PM,American Airlines Center
Phoenix @ Utah,9:00 PM,Delta Center
Denver @ Minnesota,9:30 PM,Target Center
Memphis @ Golden State,10:00 PM,Chase Center
Portland @ LA Lakers,10:30 PM,Crypto.com Arena
Philadelphia @ Washington,7:00 PM,Capital One Arena
Charlotte @ Miami,7:30 PM,Kaseya Center
New York @ Milwaukee,8:00 PM,Fiserv Forum
Sacramento @ Okla City,8:00 PM,Paycom Center
LA Clippers @ Golden State,11:00 PM,Chase Center
Houston @ Toronto,6:30 PM,Scotiabank Arena
Cleveland @ Boston,7:00 PM,TD Garden
Orlando @ Detroit,7:00 PM,Little Caesars Arena
Atlanta @ Brooklyn,7:30 PM,Barclays Center
Sacramento @ Chicago,8:00 PM,United Center
Indiana @ Dallas,8:30 PM,American Airlines Center
New Orleans @ Denver,9:00 PM,Ball Arena
Portland @ Utah,9:00 PM,Delta Center
LA Lakers @ Minnesota,9:30 PM,Target Center
Memphis @ Phoenix,10:00 PM,Mortgage Matchup Center
Orlando @ Charlotte,7:00 PM,Spectrum Center
Golden State @ Milwaukee,8:00 PM,Fiserv Forum
Washington @ Okla City,8:00 PM,Paycom Center
Miami @ San Antonio,8:30 PM,Frost Bank Center
Atlanta @ Indiana,7:00 PM,Gainbridge Fieldhouse
Boston @ Philadelphia,7:00 PM,Xfinity Mobile Arena
Toronto @ Cleveland,7:30 PM,Rocket Arena
New York @ Chicago,8:00 PM,United Center
LA Lakers @ Memphis,9:30 PM,FedExForum
Utah @ Phoenix,10:00 PM,Mortgage Matchup Center
Denver @ Portland,10:00 PM,Moda Center
New Orleans @ LA Clippers,10:30 PM,Intuit Dome
Sacramento @ Milwaukee,5:00 PM,Fiserv Forum
Minnesota @ Charlotte,6:00 PM,Spectrum Center
Golden State @ Indiana,7:00 PM,Gainbridge Fieldhouse
Orlando @ Washington,7:00 PM,Capital One Arena
Houston @ Boston,8:00 PM,TD Garden
Dallas vs. Detroit,10:00 PM,Mexico City Arena
New Orleans @ Okla City,3:30 PM,Paycom Center
Philadelphia @ Brooklyn,6:00 PM,Barclays Center
Utah @ Charlotte,6:00 PM,Spectrum Center
Atlanta @ Cleveland,6:00 PM,Rocket Arena
Memphis @ Toronto,6:00 PM,Scotiabank Arena
Chicago @ New York,7:00 PM,Madison Square Garden
San Antonio @ Phoenix,8:00 PM,Mortgage Matchup Center
Miami @ LA Lakers,9:30 PM,Crypto.com Arena
Minnesota @ Brooklyn,7:00 PM,Barclays Center
Milwaukee @ Indiana,7:00 PM,Gainbridge Fieldhouse
Utah @ Boston,7:30 PM,TD Garden
Washington @ New York,7:30 PM,Madison Square Garden
Dallas @ Houston,8:00 PM,Toyota Center
Detroit @ Memphis,8:00 PM,FedExForum
Sacramento @ Denver,9:00 PM,Ball Arena
LA Lakers @ Portland,10:00 PM,Moda Center
Miami @ LA Clippers,10:30 PM,Intuit Dome
Milwaukee @ Toronto,7:30 PM,Scotiabank Arena
Orlando @ Atlanta,8:00 PM,State Farm Arena
Philadelphia @ Chicago,8:00 PM,United Center
Charlotte @ New Orleans,8:00 PM,Smoothie King Center
Phoenix @ Golden State,10:00 PM,Chase Center
Okla City @ LA Clippers,11:00 PM,Intuit Dome
Philadelphia @ Cleveland,7:00 PM,Rocket Arena
Utah @ Detroit,7:00 PM,Little Caesars Arena
Brooklyn @ Indiana,7:00 PM,Gainbridge Fieldhouse
Washington @ Boston,7:30 PM,TD Garden
Minnesota @ New York,7:30 PM,Madison Square Garden
Houston @ Memphis,8:00 PM,FedExForum
New Orleans @ Dallas,8:30 PM,American Airlines Center
Miami @ Denver,9:00 PM,Ball Arena
San Antonio @ LA Lakers,10:00 PM,Crypto.com Arena
Okla City @ Portland,10:00 PM,Moda Center
Golden State @ Sacramento,10:00 PM,Golden 1 Center
LA Clippers @ Phoenix,9:00 PM,Mortgage Matchup Center
Boston @ Orlando,7:00 PM,Kia Center
Cleveland @ Washington,7:00 PM,Capital One Arena
Toronto @ Atlanta,7:30 PM,State Farm Arena
Detroit @ Brooklyn,7:30 PM,Barclays Center
Houston @ San Antonio,7:30 PM,Frost Bank Center
Charlotte @ Miami,8:00 PM,Kaseya Center
Dallas @ Memphis,8:00 PM,FedExForum
Chicago @ Milwaukee,8:00 PM,Fiserv Forum
Utah @ Minnesota,8:00 PM,Target Center
Golden State @ Denver,10:00 PM,Ball Arena
Okla City @ Sacramento,10:00 PM,Golden 1 Center
Dallas @ Washington,7:00 PM,Capital One Arena
Toronto @ Philadelphia,7:30 PM,Xfinity Mobile Arena
LA Lakers @ Atlanta,8:00 PM,State Farm Arena
Chicago @ Cleveland,8:00 PM,Rocket Arena
Portland @ Miami,8:00 PM,Kaseya Center
New Orleans @ San Antonio,8:00 PM,Frost Bank Center
Indiana @ Denver,9:00 PM,Ball Arena
Phoenix @ LA Clippers,10:30 PM,Intuit Dome
Houston @ Milwaukee,3:30 PM,Fiserv Forum
Brooklyn @ New York,6:00 PM,Madison Square Garden
Okla City @ Memphis,6:00 PM,FedExForum
Boston @ Orlando,6:00 PM,Kia Center
Detroit @ Philadelphia,7:30 PM,Xfinity Mobile Arena
Indiana @ Golden State,8:30 PM,Chase Center
Minnesota @ Sacramento,9:00 PM,Golden 1 Center
LA Lakers @ Charlotte,7:00 PM,Spectrum Center
Portland @ Orlando,7:00 PM,Kia Center
Washington @ Detroit,7:00 PM,Little Caesars Arena
Cleveland @ Miami,7:30 PM,Kaseya Center
San Antonio @ Chicago,8:00 PM,United Center
Milwaukee @ Dallas,8:30 PM,American Airlines Center
New Orleans @ Phoenix,9:00 PM,Mortgage Matchup Center
Minnesota @ Utah,9:00 PM,Delta Center
Atlanta @ LA Clippers,10:30 PM,Intuit Dome
Toronto @ Brooklyn,7:30 PM,Barclays Center
Memphis @ New York,7:30 PM,Madison Square Garden
Boston @ Philadelphia,8:00 PM,Xfinity Mobile Arena
Golden State @ Okla City,8:00 PM,Paycom Center
Indiana @ Utah,9:00 PM,Delta Center
Denver @ Sacramento,11:00 PM,Golden 1 Center
Milwaukee @ Charlotte,7:00 PM,Spectrum Center
Chicago @ Detroit,7:00 PM,Little Caesars Arena
Orlando @ New York,7:00 PM,Madison Square Garden
Cleveland @ Miami,7:30 PM,Kaseya Center
Memphis @ Boston,7:30 PM,TD Garden
Golden State @ San Antonio,8:00 PM,Frost Bank Center
Portland @ New Orleans,8:00 PM,Smoothie King Center
Washington @ Houston,8:00 PM,Toyota Center
Phoenix @ Dallas,8:30 PM,American Airlines Center
LA Lakers @ Okla City,9:30 PM,Paycom Center
Atlanta @ Sacramento,10:00 PM,Golden 1 Center
Denver @ LA Clippers,10:30 PM,Intuit Dome
Toronto @ Cleveland,7:00 PM,Rocket Arena
Indiana @ Phoenix,9:00 PM,Mortgage Matchup Center
Atlanta @ Utah,9:00 PM,Delta Center
Miami @ New York,7:00 PM,Madison Square Garden
Brooklyn @ Orlando,7:00 PM,Kia Center
Philadelphia @ Detroit,7:30 PM,Little Caesars Arena
Portland @ Houston,8:00 PM,Toyota Center
Charlotte @ Milwaukee,8:00 PM,Fiserv Forum
Sacramento @ Minnesota,8:00 PM,Target Center
LA Lakers @ New Orleans,8:00 PM,Smoothie King Center
LA Clippers @ Dallas,8:30 PM,American Airlines Center
Golden State @ San Antonio,9:30 PM,Frost Bank Center
Memphis @ Cleveland,5:00 PM,Rocket Arena
Okla City @ Charlotte,7:00 PM,Spectrum Center
Toronto @ Indiana,7:00 PM,Gainbridge Fieldhouse
LA Lakers @ Milwaukee,8:00 PM,Fiserv Forum
Denver @ Minnesota,8:00 PM,Target Center
LA Clippers @ Boston,3:30 PM,TD Garden
Sacramento @ San Antonio,4:00 PM,Frost Bank Center
Brooklyn @ Washington,6:00 PM,Capital One Arena
Orlando @ Houston,7:00 PM,Toyota Center
Golden State @ New Orleans,7:00 PM,Smoothie King Center
Portland @ Dallas,7:30 PM,American Airlines Center
Atlanta @ Phoenix,8:00 PM,Mortgage Matchup Center
Chicago @ Utah,8:00 PM,Delta Center
Milwaukee @ Cleveland,7:00 PM,Rocket Arena
Indiana @ Detroit,7:00 PM,Little Caesars Arena
LA Clippers @ Philadelphia,7:00 PM,Xfinity Mobile Arena
New York @ Miami,7:30 PM,Kaseya Center
Charlotte @ Toronto,7:30 PM,Scotiabank Arena
Dallas @ Minnesota,8:00 PM,Target Center
Okla City @ New Orleans,8:00 PM,Smoothie King Center
Chicago @ Denver,9:00 PM,Ball Arena
Golden State @ Orlando,7:00 PM,Kia Center
Boston @ Brooklyn,7:30 PM,Barclays Center
Detroit @ Atlanta,7:30 PM,State Farm Arena
Memphis @ San Antonio,8:00 PM,Frost Bank Center
Utah @ LA Lakers,10:30 PM,Crypto.com Arena
Phoenix @ Portland,11:00 PM,Moda Center
Houston @ Cleveland,7:00 PM,Rocket Arena
Toronto @ Philadelphia,7:00 PM,Xfinity Mobile Arena
Charlotte @ Indiana,7:00 PM,Gainbridge Fieldhouse
Golden State @ Miami,7:30 PM,Kaseya Center
Sacramento @ Okla City,8:00 PM,Paycom Center
Washington @ Minnesota,8:00 PM,Target Center
Denver @ New Orleans,8:00 PM,Smoothie King Center
New York @ Dallas,9:30 PM,American Airlines Center
Chicago @ Portland,10:00 PM,Moda Center
LA Clippers @ Orlando,7:00 PM,Kia Center
Sacramento @ Memphis,8:00 PM,FedExForum
Atlanta @ San Antonio,8:00 PM,Frost Bank Center
Philadelphia @ Milwaukee,8:00 PM,Fiserv Forum
Indiana @ Cleveland,7:00 PM,Rocket Arena
Brooklyn @ Boston,7:30 PM,TD Garden
Washington @ Toronto,7:30 PM,Scotiabank Arena
Miami @ Chicago,8:00 PM,United Center
New Orleans @ Dallas,8:30 PM,American Airlines Center
Minnesota @ Phoenix,9:00 PM,Mortgage Matchup Center
Denver @ Houston,9:30 PM,Toyota Center
Okla City @ Utah,10:00 PM,Delta Center
Portland @ Golden State,10:00 PM,Chase Center
LA Clippers @ Charlotte,1:00 PM,Spectrum Center
New York @ Orlando,5:00 PM,Kia Center
Atlanta @ New Orleans,7:00 PM,Smoothie King Center
Washington @ Chicago,8:00 PM,United Center
Detroit @ Milwaukee,8:00 PM,Fiserv Forum
Memphis @ Dallas,8:30 PM,American Airlines Center
Sacramento @ Denver,10:00 PM,Ball Arena
Miami @ Philadelphia,1:00 PM,Xfinity Mobile Arena
Charlotte @ Atlanta,6:00 PM,State Farm Arena
LA Clippers @ Cleveland,6:00 PM,Rocket Arena
Orlando @ Boston,6:00 PM,TD Garden
Brooklyn @ Toronto,6:00 PM,Scotiabank Arena
Portland @ Okla City,7:00 PM,Paycom Center
San Antonio @ Phoenix,8:00 PM,Mortgage Matchup Center
LA Lakers @ Utah,8:00 PM,Delta Center
Detroit @ Indiana,7:00 PM,Gainbridge Fieldhouse
Cleveland @ Toronto,7:00 PM,Scotiabank Arena
New York @ Brooklyn,7:30 PM,Barclays Center
Dallas @ Miami,7:30 PM,Kaseya Center
Denver @ Memphis,8:00 PM,FedExForum
Portland @ Milwaukee,8:00 PM,Fiserv Forum
Chicago @ New Orleans,8:00 PM,Smoothie King Center
Houston @ Phoenix,9:30 PM,Mortgage Matchup Center
Utah @ Golden State,10:00 PM,Chase Center
Minnesota @ Sacramento,10:00 PM,Golden 1 Center
Atlanta @ Washington,7:00 PM,Capital One Arena
Orlando @ Philadelphia,8:00 PM,Xfinity Mobile Arena
LA Clippers @ LA Lakers,11:00 PM,Crypto.com Arena
Detroit @ Boston,5:00 PM,TD Garden
New York @ Charlotte,7:00 PM,Spectrum Center
Milwaukee @ Miami,7:30 PM,Kaseya Center
Indiana @ Toronto,7:30 PM,Scotiabank Arena
Minnesota @ Okla City,7:30 PM,Paycom Center
Memphis @ New Orleans,8:00 PM,Smoothie King Center
Houston @ Golden State,10:00 PM,Chase Center
San Antonio @ Portland,10:00 PM,Moda Center
Phoenix @ Sacramento,10:00 PM,Golden 1 Center
Cleveland @ Atlanta,7:30 PM,State Farm Arena
Philadelphia @ Brooklyn,7:30 PM,Barclays Center
Chicago @ Charlotte,7:30 PM,Spectrum Center
Orlando @ Detroit,7:30 PM,Little Caesars Arena
Washington @ Indiana,7:30 PM,Gainbridge Fieldhouse
Milwaukee @ New York,7:30 PM,Madison Square Garden
Phoenix @ Okla City,9:30 PM,Paycom Center
San Antonio @ Denver,9:30 PM,Ball Arena
Sacramento @ Utah,9:30 PM,Delta Center
Dallas @ LA Lakers,10:00 PM,Crypto.com Arena
Memphis @ LA Clippers,10:00 PM,Intuit Dome
Boston @ Minnesota,5:00 PM,Target Center
Toronto @ Charlotte,6:00 PM,Spectrum Center
Chicago @ Indiana,7:30 PM,Gainbridge Fieldhouse
Detroit @ Miami,8:00 PM,Kaseya Center
Brooklyn @ Milwaukee,8:00 PM,Fiserv Forum
New Orleans @ Golden State,8:30 PM,Chase Center
Denver @ Phoenix,9:00 PM,Mortgage Matchup Center
Dallas @ LA Clippers,10:00 PM,Intuit Dome
Houston @ Utah,3:00 PM,Delta Center
Boston @ Cleveland,6:00 PM,Rocket Arena
Toronto @ New York,6:00 PM,Madison Square Garden
Atlanta @ Philadelphia,6:00 PM,Xfinity Mobile Arena
Okla City @ Portland,6:00 PM,Moda Center
San Antonio @ Minnesota,7:00 PM,Target Center
Memphis @ Sacramento,9:00 PM,Golden 1 Center
New Orleans @ LA Lakers,9:30 PM,Crypto.com Arena
Atlanta @ Detroit,7:00 PM,Little Caesars Arena
Cleveland @ Indiana,7:00 PM,Gainbridge Fieldhouse
Milwaukee @ Washington,7:00 PM,Capital One Arena
Charlotte @ Brooklyn,7:30 PM,Barclays Center
LA Clippers @ Miami,7:30 PM,Kaseya Center
Chicago @ Orlando,7:30 PM,Kia Center
Dallas @ Denver,9:00 PM,Ball Arena
Houston @ Utah,9:00 PM,Delta Center
Phoenix @ LA Lakers,10:00 PM,Crypto.com Arena
Washington @ Philadelphia,7:00 PM,Xfinity Mobile Arena
Portland @ Toronto,7:30 PM,Scotiabank Arena
New York @ Boston,8:00 PM,TD Garden
Minnesota @ New Orleans,8:00 PM,Smoothie King Center
Memphis @ San Antonio,8:00 PM,Frost Bank Center
Okla City @ Golden State,11:00 PM,Chase Center
Portland @ Cleveland,7:00 PM,Rocket Arena
Denver @ Indiana,7:00 PM,Gainbridge Fieldhouse
San Antonio @ Orlando,7:00 PM,Kia Center
LA Clippers @ Atlanta,7:30 PM,State Farm Arena
Charlotte @ New York,7:30 PM,Madison Square Garden
Brooklyn @ Chicago,8:00 PM,United Center
Sacramento @ Houston,8:00 PM,Toyota Center
Detroit @ Milwaukee,8:00 PM,Fiserv Forum
Miami @ Dallas,8:30 PM,American Airlines Center
Golden State @ Philadelphia,7:00 PM,Xfinity Mobile Arena
Boston @ Washington,7:00 PM,Capital One Arena
Utah @ Brooklyn,7:30 PM,Barclays Center
LA Lakers @ Toronto,7:30 PM,Scotiabank Arena
Minnesota @ New Orleans,8:00 PM,Smoothie King Center
LA Lakers @ Boston,7:00 PM,TD Garden
Miami @ Orlando,7:00 PM,Kia Center
Denver @ Atlanta,7:30 PM,State Farm Arena
San Antonio @ Cleveland,7:30 PM,Rocket Arena
Portland @ Detroit,7:30 PM,Little Caesars Arena
Utah @ New York,7:30 PM,Madison Square Garden
Charlotte @ Toronto,7:30 PM,Scotiabank Arena
Indiana @ Chicago,8:00 PM,United Center
Phoenix @ Houston,8:00 PM,Toyota Center
LA Clippers @ Memphis,8:00 PM,FedExForum
Philadelphia @ Milwaukee,8:00 PM,Fiserv Forum
Dallas @ Okla City,9:30 PM,Paycom Center
New Orleans @ Brooklyn,5:00 PM,Barclays Center
Atlanta @ Washington,7:00 PM,Capital One Arena
Golden State @ Cleveland,7:30 PM,Rocket Arena
Milwaukee @ Detroit,7:30 PM,Little Caesars Arena
Sacramento @ Miami,8:00 PM,Kaseya Center
LA Clippers @ Minnesota,8:00 PM,Target Center
Houston @ Dallas,8:30 PM,American Airlines Center
Orlando @ New York,12:00 PM,Madison Square Garden
Boston @ Toronto,3:30 PM,Scotiabank Arena
Portland @ Memphis,6:00 PM,FedExForum
Denver @ Charlotte,6:00 PM,Spectrum Center
Golden State @ Chicago,7:00 PM,United Center
LA Lakers @ Philadelphia,7:30 PM,Xfinity Mobile Arena
Okla City @ Utah,8:00 PM,Delta Center
Sacramento @ Indiana,7:00 PM,Gainbridge Fieldhouse
Phoenix @ Minnesota,8:00 PM,Target Center
San Antonio @ New Orleans,9:30 PM,Smoothie King Center
Washington @ San Antonio,8:00 PM,Frost Bank Center
Memphis @ Minnesota,8:00 PM,Target Center
LA Clippers @ Okla City,8:00 PM,Paycom Center
Cleveland @ Chicago,8:00 PM,United Center
Atlanta @ Charlotte,7:00 PM,Spectrum Center
New York @ Indiana,7:00 PM,Gainbridge Fieldhouse
Miami @ Brooklyn,7:30 PM,Barclays Center
Houston @ New Orleans,8:00 PM,Smoothie King Center
Toronto @ Milwaukee,8:00 PM,Fiserv Forum
Detroit @ Dallas,8:30 PM,American Airlines Center
Orlando @ Denver,9:00 PM,Ball Arena
LA Lakers @ Utah,9:00 PM,Delta Center
Golden State @ Phoenix,9:00 PM,Mortgage Matchup Center
Sacramento @ Portland,10:00 PM,Moda Center
Philadelphia @ New York,7:00 PM,Madison Square Garden
Miami @ Boston,7:00 PM,TD Garden
San Antonio @ Atlanta,7:30 PM,State Farm Arena
Chicago @ Cleveland,7:30 PM,Rocket Arena
Okla City @ Minnesota,9:30 PM,Target Center
Houston @ Denver,5:00 PM,Ball Arena
Boston @ Toronto,7:00 PM,Scotiabank Arena
Indiana @ New Orleans,7:00 PM,Smoothie King Center
Dallas @ Philadelphia,7:00 PM,Xfinity Mobile Arena
Charlotte @ Detroit,7:30 PM,Little Caesars Arena
Washington @ Memphis,8:00 PM,FedExForum
Phoenix @ Golden State,8:30 PM,Chase Center
Orlando @ Utah,9:30 PM,Delta Center
Portland @ Sacramento,10:00 PM,Golden 1 Center
LA Lakers @ LA Clippers,10:30 PM,Intuit Dome
Chicago @ Atlanta,3:30 PM,State Farm Arena
Toronto @ Brooklyn,6:00 PM,Barclays Center
Miami @ New York,6:00 PM,Madison Square Garden
San Antonio @ Washington,7:00 PM,Capital One Arena
Milwaukee @ Minnesota,7:00 PM,Target Center
Houston @ Sacramento,10:00 PM,Golden 1 Center
Charlotte @ Cleveland,7:00 PM,Rocket Arena
Indiana @ Boston,7:30 PM,TD Garden
Dallas @ New Orleans,8:00 PM,Smoothie King Center
Utah @ Denver,9:00 PM,Ball Arena
Memphis @ Okla City,9:30 PM,Paycom Center
Orlando @ Golden State,10:00 PM,Chase Center
Detroit @ Portland,10:00 PM,Moda Center
Brooklyn @ Philadelphia,7:00 PM,Xfinity Mobile Arena
Washington @ Charlotte,7:00 PM,Spectrum Center
Chicago @ Atlanta,7:30 PM,State Farm Arena
Toronto @ Miami,7:30 PM,Kaseya Center
New Orleans @ Cleveland,7:30 PM,Rocket Arena
Milwaukee @ Indiana,7:30 PM,Gainbridge Fieldhouse
New York @ Minnesota,8:00 PM,Target Center
Denver @ Dallas,8:00 PM,American Airlines Center
Okla City @ San Antonio,8:30 PM,Frost Bank Center
Memphis @ Utah,9:00 PM,Delta Center
LA Lakers @ Phoenix,9:00 PM,Mortgage Matchup Center
Detroit @ Sacramento,10:00 PM,Golden 1 Center
Orlando @ Portland,10:00 PM,Moda Center
Houston @ LA Clippers,11:00 PM,Intuit Dome
Cleveland @ New York,12:00 PM,Madison Square Garden
San Antonio @ Okla City,2:30 PM,Paycom Center
Dallas @ Golden State,5:00 PM,Chase Center
Houston @ LA Lakers,8:00 PM,Crypto.com Arena
Minnesota @ Denver,10:30 PM,Ball Arena
Miami @ Atlanta,7:00 PM,State Farm Arena
Charlotte @ Orlando,7:00 PM,Kia Center
Toronto @ Washington,7:00 PM,Capital One Arena
Boston @ Indiana,7:30 PM,Gainbridge Fieldhouse
Milwaukee @ Memphis,8:00 PM,FedExForum
Philadelphia @ Chicago,8:00 PM,United Center
Phoenix @ New Orleans,8:00 PM,Smoothie King Center
Detroit @ Utah,9:30 PM,Delta Center
LA Clippers @ Portland,10:00 PM,Moda Center
Dallas @ Sacramento,5:00 PM,Golden 1 Center
Denver @ Orlando,7:00 PM,Kia Center
Phoenix @ New Orleans,7:00 PM,Smoothie King Center
New York @ Atlanta,8:00 PM,State Farm Arena
Indiana @ Miami,8:00 PM,Kaseya Center
Milwaukee @ Chicago,8:00 PM,United Center
Cleveland @ Houston,8:00 PM,Toyota Center
Brooklyn @ Minnesota,8:00 PM,Target Center
Utah @ San Antonio,8:00 PM,Frost Bank Center
Golden State @ Toronto,3:30 PM,Scotiabank Arena
Philadelphia @ Okla City,3:30 PM,Paycom Center
Memphis @ Washington,6:00 PM,Capital One Arena
Boston @ Portland,6:00 PM,Moda Center
Detroit @ LA Clippers,9:00 PM,Intuit Dome
Sacramento @ LA Lakers,9:30 PM,Crypto.com Arena
Milwaukee @ Charlotte,7:00 PM,Spectrum Center
Phoenix @ Washington,7:00 PM,Capital One Arena
Golden State @ Brooklyn,7:30 PM,Barclays Center
Denver @ Miami,7:30 PM,Kaseya Center
Orlando @ Toronto,7:30 PM,Scotiabank Arena
Minnesota @ Chicago,8:00 PM,United Center
Indiana @ Houston,8:00 PM,Toyota Center
New York @ New Orleans,8:00 PM,Smoothie King Center
Atlanta @ Okla City,8:00 PM,Paycom Center
Cleveland @ San Antonio,8:00 PM,Frost Bank Center
Dallas @ Portland,11:00 PM,Moda Center
Philadelphia @ Memphis,8:00 PM,FedExForum
Boston @ Utah,9:00 PM,Delta Center
Detroit @ LA Lakers,10:30 PM,Crypto.com Arena
Sacramento @ LA Clippers,11:00 PM,Intuit Dome
Golden State @ Charlotte,1:00 PM,Spectrum Center
Minnesota @ Atlanta,3:00 PM,State Farm Arena
Orlando @ Indiana,3:00 PM,Gainbridge Fieldhouse
Phoenix @ Cleveland,3:30 PM,Rocket Arena
New Orleans @ Chicago,7:00 PM,United Center
New York @ San Antonio,7:00 PM,Frost Bank Center
Denver @ Toronto,7:30 PM,Scotiabank Arena
Washington @ Milwaukee,8:00 PM,Fiserv Forum
Portland @ Okla City,8:00 PM,Paycom Center
Houston @ Brooklyn,6:00 PM,Barclays Center
Miami @ Detroit,7:00 PM,Little Caesars Arena
Philadelphia @ Dallas,8:30 PM,American Airlines Center
Boston @ Sacramento,10:00 PM,Golden 1 Center
Utah @ LA Clippers,10:30 PM,Intuit Dome
San Antonio @ Indiana,7:00 PM,Gainbridge Fieldhouse
Brooklyn @ Washington,7:00 PM,Capital One Arena
Denver @ Cleveland,7:30 PM,Rocket Arena
Atlanta @ New York,7:30 PM,Madison Square Garden
Orlando @ Chicago,8:00 PM,United Center
Charlotte @ Milwaukee,8:00 PM,Fiserv Forum
Portland @ New Orleans,8:00 PM,Smoothie King Center
Sacramento @ Phoenix,9:00 PM,Mortgage Matchup Center
Okla City @ Golden State,10:00 PM,Chase Center
Memphis @ LA Lakers,10:30 PM,Crypto.com Arena
Minnesota @ Miami,5:00 PM,Kaseya Center
Philadelphia @ New York,7:30 PM,Madison Square Garden
Atlanta @ Toronto,7:30 PM,Scotiabank Arena
Charlotte @ Chicago,8:00 PM,United Center
Portland @ San Antonio,8:00 PM,Frost Bank Center
Houston @ Dallas,8:30 PM,American Airlines Center
Utah @ Golden State,10:00 PM,Chase Center
Boston @ LA Clippers,10:30 PM,Intuit Dome
Detroit @ Cleveland,2:00 PM,Rocket Arena
Indiana @ Orlando,3:00 PM,Kia Center
Denver @ Brooklyn,3:30 PM,Barclays Center
New Orleans @ Miami,6:00 PM,Kaseya Center
Minnesota @ Washington,6:00 PM,Capital One Arena
Okla City @ Phoenix,8:00 PM,Mortgage Matchup Center
Milwaukee @ Sacramento,9:00 PM,Golden 1 Center
Memphis @ LA Lakers,9:30 PM,Crypto.com Arena
New York @ Detroit,7:00 PM,Little Caesars Arena
Chicago @ Boston,7:30 PM,TD Garden
Atlanta @ Toronto,7:30 PM,Scotiabank Arena
Phoenix @ Houston,8:00 PM,Toyota Center
Charlotte @ Okla City,8:00 PM,Paycom Center
Denver @ Philadelphia,8:30 PM,Xfinity Mobile Arena
Golden State @ LA Clippers,10:00 PM,Intuit Dome
Utah @ Portland,10:00 PM,Moda Center
Cleveland @ Indiana,7:00 PM,Gainbridge Fieldhouse
Orlando @ Washington,7:00 PM,Capital One Arena
San Antonio @ Memphis,8:00 PM,FedExForum
Miami @ Minnesota,8:00 PM,Target Center
LA Lakers @ New Orleans,8:00 PM,Smoothie King Center
Dallas @ Sacramento,11:00 PM,Golden 1 Center
Toronto @ Charlotte,7:00 PM,Spectrum Center
Chicago @ Detroit,7:00 PM,Little Caesars Arena
Washington @ Philadelphia,7:00 PM,Xfinity Mobile Arena
LA Lakers @ San Antonio,7:30 PM,Frost Bank Center
LA Clippers @ New York,7:30 PM,Madison Square Garden
New Orleans @ Atlanta,7:30 PM,State Farm Arena
Denver @ Boston,7:30 PM,TD Garden
Orlando @ Brooklyn,7:30 PM,Barclays Center
Utah @ Okla City,8:00 PM,Paycom Center
Phoenix @ Memphis,8:00 PM,FedExForum
Milwaukee @ Golden State,10:00 PM,Chase Center
Houston @ Portland,10:00 PM,Moda Center
Indiana @ Charlotte,7:00 PM,Spectrum Center
Miami @ Chicago,8:00 PM,United Center
Cleveland @ Minnesota,8:00 PM,Target Center
Dallas @ Utah,9:00 PM,Delta Center
Toronto @ Boston,7:00 PM,TD Garden
Philadelphia @ Orlando,7:00 PM,Kia Center
New Orleans @ Washington,7:00 PM,Capital One Arena
LA Clippers @ Brooklyn,7:30 PM,Barclays Center
Okla City @ Memphis,8:00 PM,FedExForum
Atlanta @ Denver,9:00 PM,Ball Arena
New York @ Phoenix,9:00 PM,Mortgage Matchup Center
Sacramento @ Golden State,10:00 PM,Chase Center
Houston @ Portland,10:00 PM,Moda Center
Milwaukee @ LA Lakers,10:30 PM,Crypto.com Arena
Minnesota @ Cleveland,1:00 PM,Rocket Arena
Miami @ Indiana,7:00 PM,Gainbridge Fieldhouse
LA Clippers @ Detroit,7:30 PM,Little Caesars Arena
San Antonio @ Boston,8:00 PM,TD Garden
Dallas @ Chicago,8:00 PM,United Center
Charlotte @ Utah,9:30 PM,Delta Center
New Orleans @ Orlando,3:00 PM,Kia Center
Brooklyn @ Memphis,3:30 PM,FedExForum
Philadelphia @ Toronto,6:00 PM,Scotiabank Arena
New York @ Portland,6:00 PM,Moda Center
San Antonio @ Minnesota,7:00 PM,Target Center
Miami @ Okla City,7:00 PM,Paycom Center
Milwaukee @ Denver,8:00 PM,Ball Arena
Washington @ Phoenix,8:00 PM,Mortgage Matchup Center
Atlanta @ Golden State,8:30 PM,Chase Center
Houston @ Sacramento,9:00 PM,Golden 1 Center
Utah @ Cleveland,7:00 PM,Rocket Arena
Boston @ Indiana,7:30 PM,Gainbridge Fieldhouse
Philadelphia @ Toronto,7:30 PM,Scotiabank Arena
Brooklyn @ Dallas,8:30 PM,American Airlines Center
LA Lakers @ Sacramento,10:00 PM,Golden 1 Center
Charlotte @ LA Clippers,10:30 PM,Intuit Dome
Phoenix @ Miami,7:30 PM,Kaseya Center
Chicago @ Houston,8:00 PM,Toyota Center
Minnesota @ Milwaukee,8:00 PM,Fiserv Forum
Denver @ New Orleans,8:00 PM,Smoothie King Center
San Antonio @ Okla City,8:00 PM,Paycom Center
Atlanta @ LA Lakers,10:30 PM,Crypto.com Arena
Portland @ Golden State,11:00 PM,Chase Center
Cleveland @ Philadelphia,7:00 PM,Xfinity Mobile Arena
Toronto @ Indiana,7:00 PM,Gainbridge Fieldhouse
Brooklyn @ New Orleans,8:00 PM,Smoothie King Center
Utah @ Chicago,8:00 PM,United Center
Denver @ Dallas,9:30 PM,American Airlines Center
New York @ Sacramento,10:00 PM,Golden 1 Center
Washington @ LA Clippers,10:30 PM,Intuit Dome
Memphis vs. Orlando,2:00 PM,Uber Arena
Phoenix @ Detroit,7:00 PM,Little Caesars Arena
Boston @ Miami,7:30 PM,Kaseya Center
Okla City @ Houston,7:30 PM,Toyota Center
Milwaukee @ San Antonio,8:00 PM,Frost Bank Center
Utah @ Dallas,8:30 PM,American Airlines Center
New York @ Golden State,10:00 PM,Chase Center
Atlanta @ Portland,10:00 PM,Moda Center
Charlotte @ LA Lakers,10:30 PM,Crypto.com Arena
Chicago @ Brooklyn,7:00 PM,Barclays Center
New Orleans @ Indiana,7:00 PM,Gainbridge Fieldhouse
Cleveland @ Philadelphia,7:00 PM,Xfinity Mobile Arena
LA Clippers @ Toronto,7:30 PM,Scotiabank Arena
Minnesota @ Houston,9:30 PM,Toyota Center
Washington @ Sacramento,10:00 PM,Golden 1 Center
Utah @ Dallas,5:00 PM,American Airlines Center
Boston @ Atlanta,7:30 PM,State Farm Arena
Indiana @ Detroit,7:30 PM,Little Caesars Arena
Phoenix @ New York,7:30 PM,Madison Square Garden
Okla City @ Miami,8:00 PM,Kaseya Center
Minnesota @ San Antonio,8:00 PM,Frost Bank Center
Charlotte @ Golden State,8:30 PM,Chase Center
Washington @ Denver,9:00 PM,Ball Arena
LA Lakers @ Portland,10:00 PM,Moda Center
Orlando vs. Memphis,12:00 PM,Uber Arena
Brooklyn @ Chicago,7:00 PM,United Center
New Orleans @ Houston,7:00 PM,Toyota Center
Charlotte @ Denver,8:00 PM,Ball Arena
Portland @ Sacramento,9:00 PM,Golden 1 Center
Toronto @ LA Lakers,9:30 PM,Crypto.com Arena
Milwaukee @ Atlanta,1:00 PM,State Farm Arena
Okla City @ Cleveland,2:30 PM,Rocket Arena
LA Clippers @ Washington,3:00 PM,Capital One Arena
Dallas @ New York,5:00 PM,Madison Square Garden
Utah @ San Antonio,5:00 PM,Frost Bank Center
Indiana @ Philadelphia,7:00 PM,Xfinity Mobile Arena
Phoenix @ Brooklyn,7:30 PM,Barclays Center
Boston @ Detroit,8:00 PM,Little Caesars Arena
Miami @ Golden State,10:00 PM,Chase Center
Phoenix @ Philadelphia,7:00 PM,Xfinity Mobile Arena
LA Clippers @ Chicago,8:00 PM,United Center
San Antonio @ Houston,8:00 PM,Toyota Center
Minnesota @ Utah,9:00 PM,Delta Center
LA Lakers @ Denver,10:00 PM,Ball Arena
Toronto @ Golden State,10:00 PM,Chase Center
Miami @ Sacramento,10:00 PM,Golden 1 Center
Cleveland @ Charlotte,7:00 PM,Spectrum Center
Indiana @ Boston,7:30 PM,TD Garden
Brooklyn @ New York,7:30 PM,Madison Square Garden
Detroit @ New Orleans,8:00 PM,Smoothie King Center
Atlanta @ Memphis,8:00 PM,FedExForum
Okla City @ Milwaukee,9:30 PM,Fiserv Forum
Toronto @ Sacramento,10:00 PM,Golden 1 Center
Charlotte @ Orlando,7:00 PM,Kia Center
Denver @ Washington,7:00 PM,Capital One Arena
Houston @ Philadelphia,7:00 PM,Xfinity Mobile Arena
Golden State @ Dallas,7:30 PM,American Airlines Center
Chicago @ Minnesota,8:00 PM,Target Center
San Antonio @ Utah,9:00 PM,Delta Center
LA Lakers @ LA Clippers,10:00 PM,Intuit Dome
Miami @ Portland,10:00 PM,Moda Center
Houston @ Detroit,7:00 PM,Little Caesars Arena
Boston @ Brooklyn,7:30 PM,Barclays Center
Phoenix @ Atlanta,7:30 PM,State Farm Arena
Sacramento @ Cleveland,7:30 PM,Rocket Arena
New Orleans @ Memphis,8:00 PM,FedExForum
Denver @ Milwaukee,8:00 PM,Fiserv Forum
Indiana @ Okla City,9:30 PM,Paycom Center
Toronto @ Portland,10:00 PM,Moda Center
New York @ Philadelphia,3:00 PM,Xfinity Mobile Arena
Golden State @ Minnesota,5:30 PM,Target Center
Washington @ Charlotte,6:00 PM,Spectrum Center
Cleveland @ Orlando,7:00 PM,Kia Center
Boston @ Chicago,8:00 PM,United Center
LA Lakers @ Dallas,8:30 PM,American Airlines Center
Miami @ Utah,9:30 PM,Delta Center
Sacramento @ Detroit,3:00 PM,Little Caesars Arena
Denver @ Memphis,3:30 PM,FedExForum
Toronto @ Okla City,7:00 PM,Paycom Center
Dallas @ Milwaukee,7:00 PM,Fiserv Forum
New Orleans @ San Antonio,7:00 PM,Frost Bank Center
Miami @ Phoenix,8:00 PM,Mortgage Matchup Center
Brooklyn @ LA Clippers,9:00 PM,Intuit Dome
Philadelphia @ Charlotte,7:00 PM,Spectrum Center
Orlando @ Cleveland,7:00 PM,Rocket Arena
Indiana @ Atlanta,7:30 PM,State Farm Arena
Portland @ Boston,8:00 PM,TD Garden
Memphis @ Houston,8:00 PM,Toyota Center
LA Lakers @ Chicago,8:00 PM,United Center
Golden State @ Minnesota,9:30 PM,Target Center
Portland @ Washington,7:00 PM,Capital One Arena
Sacramento @ New York,7:30 PM,Madison Square Garden
Milwaukee @ Philadelphia,8:00 PM,Xfinity Mobile Arena
New Orleans @ Okla City,8:00 PM,Paycom Center
Detroit @ Denver,9:00 PM,Ball Arena
Brooklyn @ Phoenix,9:00 PM,Mortgage Matchup Center
LA Clippers @ Utah,10:00 PM,Delta Center
LA Lakers @ Cleveland,7:00 PM,Rocket Arena
Chicago @ Indiana,7:00 PM,Gainbridge Fieldhouse
Atlanta @ Boston,7:30 PM,TD Garden
Orlando @ Miami,7:30 PM,Kaseya Center
New York @ Toronto,7:30 PM,Scotiabank Arena
Charlotte @ Memphis,8:00 PM,FedExForum
Minnesota @ Dallas,8:30 PM,American Airlines Center
Golden State @ Utah,9:00 PM,Delta Center
San Antonio @ Houston,9:30 PM,Toyota Center
Sacramento @ Philadelphia,7:00 PM,Xfinity Mobile Arena
Milwaukee @ Washington,7:00 PM,Capital One Arena
Houston @ Atlanta,8:00 PM,State Farm Arena
Charlotte @ Dallas,8:30 PM,American Airlines Center
Brooklyn @ Denver,9:00 PM,Ball Arena
Detroit @ Phoenix,9:00 PM,Mortgage Matchup Center
Okla City @ Minnesota,9:30 PM,Target Center
Toronto @ Orlando,7:00 PM,Kia Center
LA Lakers @ Washington,7:00 PM,Capital One Arena
Sacramento @ Boston,7:30 PM,TD Garden
Portland @ New York,7:30 PM,Madison Square Garden
Memphis @ New Orleans,7:30 PM,Smoothie King Center
Chicago @ Miami,8:00 PM,Kaseya Center
Cleveland @ Phoenix,9:00 PM,Mortgage Matchup Center
Brooklyn @ Utah,9:30 PM,Delta Center
LA Clippers @ Denver,10:00 PM,Ball Arena
Detroit @ Golden State,10:00 PM,Chase Center
San Antonio @ Charlotte,3:00 PM,Spectrum Center
Atlanta @ Indiana,7:00 PM,Gainbridge Fieldhouse
New Orleans @ Philadelphia,7:30 PM,Xfinity Mobile Arena
Minnesota @ Memphis,8:00 PM,FedExForum
Dallas @ Houston,8:30 PM,Toyota Center
Milwaukee @ Boston,3:30 PM,TD Garden
Orlando @ San Antonio,4:00 PM,Frost Bank Center
Brooklyn @ Detroit,6:00 PM,Little Caesars Arena
Chicago @ Miami,6:00 PM,Kaseya Center
Utah @ Toronto,6:00 PM,Scotiabank Arena
Sacramento @ Washington,6:00 PM,Capital One Arena
LA Lakers @ New York,7:00 PM,Madison Square Garden
LA Clippers @ Phoenix,8:00 PM,Mortgage Matchup Center
Cleveland @ Portland,9:00 PM,Moda Center
Okla City @ Denver,9:30 PM,Ball Arena
New Orleans @ Charlotte,7:00 PM,Spectrum Center
Houston @ Indiana,7:00 PM,Gainbridge Fieldhouse
Minnesota @ Memphis,9:30 PM,FedExForum
Philadelphia @ LA Clippers,10:30 PM,Intuit Dome
Denver @ Detroit,7:00 PM,Little Caesars Arena
Utah @ Indiana,7:00 PM,Gainbridge Fieldhouse
New York @ Washington,7:00 PM,Capital One Arena
LA Lakers @ Brooklyn,7:30 PM,Barclays Center
Atlanta @ Miami,7:30 PM,Kaseya Center
Boston @ Dallas,8:00 PM,American Airlines Center
Chicago @ Milwaukee,8:00 PM,Fiserv Forum
Orlando @ Okla City,8:00 PM,Paycom Center
Philadelphia @ Golden State,10:00 PM,Chase Center
Phoenix @ Portland,11:00 PM,Moda Center
Denver @ New York,7:00 PM,Madison Square Garden
Minnesota @ Toronto,7:30 PM,Scotiabank Arena
Boston @ Houston,8:00 PM,Toyota Center
New Orleans @ Milwaukee,8:00 PM,Fiserv Forum
Okla City @ San Antonio,9:30 PM,Frost Bank Center
Memphis @ Sacramento,10:00 PM,Golden 1 Center
Cleveland @ LA Clippers,10:30 PM,Intuit Dome
Brooklyn @ Orlando,7:00 PM,Kia Center
Washington @ Detroit,7:00 PM,Little Caesars Arena
Utah @ Atlanta,7:30 PM,State Farm Arena
Chicago @ Toronto,7:30 PM,Scotiabank Arena
Charlotte @ Houston,8:00 PM,Toyota Center
San Antonio @ Dallas,8:30 PM,American Airlines Center
Golden State @ Phoenix,9:00 PM,Mortgage Matchup Center
Philadelphia @ LA Lakers,10:00 PM,Crypto.com Arena
Miami @ Boston,7:30 PM,TD Garden
New York @ Detroit,7:30 PM,Little Caesars Arena
Indiana @ Milwaukee,8:00 PM,Fiserv Forum
New Orleans @ Minnesota,8:00 PM,Target Center
Memphis @ Portland,10:00 PM,Moda Center
LA Clippers @ Sacramento,10:00 PM,Golden 1 Center
Washington @ Brooklyn,3:00 PM,Barclays Center
Houston @ Okla City,3:30 PM,Paycom Center
Dallas @ San Antonio,6:00 PM,Frost Bank Center
Utah @ Orlando,7:00 PM,Kia Center
Charlotte @ Atlanta,7:30 PM,State Farm Arena
Denver @ Chicago,8:00 PM,United Center
Golden State @ LA Lakers,8:30 PM,Crypto.com Arena
Philadelphia @ Phoenix,9:00 PM,Mortgage Matchup Center
Memphis @ Portland,10:00 PM,Moda Center
Cleveland @ Sacramento,10:00 PM,Golden 1 Center
New York @ Boston,12:30 PM,TD Garden
Miami @ Washington,2:00 PM,Capital One Arena
Indiana @ Toronto,3:00 PM,Scotiabank Arena
LA Clippers @ Minnesota,3:00 PM,Target Center
Detroit @ Charlotte,7:00 PM,Spectrum Center
Chicago @ Brooklyn,7:30 PM,Barclays Center
Utah @ Miami,7:30 PM,Kaseya Center
Milwaukee @ Orlando,7:30 PM,Kia Center
Atlanta @ Minnesota,8:00 PM,Target Center
Sacramento @ New Orleans,8:00 PM,Smoothie King Center
Cleveland @ Denver,9:00 PM,Ball Arena
Memphis @ Golden State,10:00 PM,Chase Center
Okla City @ LA Lakers,10:00 PM,Crypto.com Arena
Philadelphia @ Portland,10:00 PM,Moda Center
Indiana @ New York,7:30 PM,Madison Square Garden
LA Clippers @ Houston,8:00 PM,Toyota Center
Dallas @ Phoenix,9:00 PM,Mortgage Matchup Center
San Antonio @ LA Lakers,10:30 PM,Crypto.com Arena
Atlanta @ Charlotte,7:00 PM,Spectrum Center
Washington @ Cleveland,7:00 PM,Rocket Arena
Milwaukee @ Orlando,7:00 PM,Kia Center
Indiana @ Brooklyn,7:30 PM,Barclays Center
Chicago @ Boston,7:30 PM,TD Garden
New York @ Philadelphia,7:30 PM,Xfinity Mobile Arena
Detroit @ Toronto,7:30 PM,Scotiabank Arena
LA Clippers @ Houston,8:00 PM,Toyota Center
Miami @ New Orleans,8:00 PM,Smoothie King Center
Portland @ Minnesota,8:00 PM,Target Center
Okla City @ Phoenix,9:00 PM,Mortgage Matchup Center
Sacramento @ Utah,9:00 PM,Delta Center
Memphis @ Denver,10:00 PM,Ball Arena
San Antonio @ Golden State,10:00 PM,Chase Center
Milwaukee @ Okla City,7:30 PM,Paycom Center
Portland @ Utah,9:00 PM,Delta Center
Dallas @ LA Lakers,10:00 PM,Crypto.com Arena
Brooklyn @ Cleveland,7:00 PM,Rocket Arena
Houston @ Charlotte,7:00 PM,Spectrum Center
Atlanta @ Philadelphia,7:00 PM,Xfinity Mobile Arena
Indiana @ Washington,7:00 PM,Capital One Arena
Detroit @ New York,7:30 PM,Madison Square Garden
Toronto @ Chicago,8:00 PM,United Center
Phoenix @ San Antonio,8:30 PM,Moody Center
Boston @ Golden State,10:00 PM,Chase Center
Orlando @ Sacramento,10:00 PM,Golden 1 Center
Denver @ LA Clippers,10:30 PM,Intuit Dome
Cleveland @ Charlotte,7:00 PM,Spectrum Center
Utah @ Memphis,7:00 PM,FedExForum
Indiana @ Washington,7:00 PM,Capital One Arena
Miami @ Atlanta,7:30 PM,State Farm Arena
Dallas @ Minnesota,7:30 PM,Target Center
Brooklyn @ Okla City,8:00 PM,Paycom Center
Milwaukee @ New Orleans,8:00 PM,Smoothie King Center
LA Clippers @ LA Lakers,10:00 PM,Crypto.com Arena
Denver @ Portland,10:00 PM,Moda Center
Orlando @ Phoenix,5:00 PM,Mortgage Matchup Center
Philadelphia @ New Orleans,7:00 PM,Smoothie King Center
Detroit @ Chicago,8:00 PM,United Center
Memphis @ Miami,8:00 PM,Kaseya Center
Sacramento @ San Antonio,8:00 PM,Moody Center
Houston @ New York,8:30 PM,Madison Square Garden
Cleveland @ Okla City,1:00 PM,Paycom Center
Toronto @ Milwaukee,3:30 PM,Fiserv Forum
Brooklyn @ Atlanta,3:30 PM,State Farm Arena
Denver @ Golden State,3:30 PM,Chase Center
Dallas @ Indiana,5:00 PM,Gainbridge Fieldhouse
Charlotte @ Washington,6:00 PM,Capital One Arena
Boston @ LA Lakers,6:30 PM,Crypto.com Arena
Philadelphia @ Minnesota,7:00 PM,Target Center
New York @ Chicago,8:00 PM,United Center
Portland @ Phoenix,8:00 PM,Mortgage Matchup Center
Orlando @ LA Clippers,9:00 PM,Intuit Dome
San Antonio @ Detroit,7:00 PM,Little Caesars Arena
Sacramento @ Memphis,8:00 PM,FedExForum
Utah @ Houston,9:30 PM,Toyota Center
Philadelphia @ Indiana,7:00 PM,Gainbridge Fieldhouse
Washington @ Atlanta,7:30 PM,State Farm Arena
Okla City @ Toronto,7:30 PM,Scotiabank Arena
Dallas @ Brooklyn,7:30 PM,Barclays Center
New York @ Cleveland,8:00 PM,Rocket Arena
Golden State @ New Orleans,8:00 PM,Smoothie King Center
Charlotte @ Chicago,8:00 PM,United Center
Miami @ Milwaukee,8:00 PM,Fiserv Forum
Boston @ Phoenix,9:00 PM,Mortgage Matchup Center
Orlando @ LA Lakers,10:30 PM,Crypto.com Arena
Minnesota @ Portland,11:00 PM,Moda Center
Okla City @ Detroit,7:00 PM,Little Caesars Arena
San Antonio @ Toronto,7:30 PM,Scotiabank Arena
Golden State @ Memphis,7:30 PM,FedExForum
Sacramento @ Houston,8:00 PM,Toyota Center
Cleveland @ Milwaukee,8:00 PM,Fiserv Forum
Boston @ Denver,10:00 PM,Ball Arena
Miami @ Philadelphia,7:00 PM,Xfinity Mobile Arena
Charlotte @ Indiana,7:00 PM,Gainbridge Fieldhouse
Washington @ Atlanta,7:30 PM,State Farm Arena
Houston @ Orlando,7:30 PM,Kia Center
San Antonio @ Brooklyn,7:30 PM,Barclays Center
Portland @ Chicago,8:00 PM,United Center
Sacramento @ Dallas,8:30 PM,American Airlines Center
LA Lakers @ Phoenix,9:00 PM,Mortgage Matchup Center
New Orleans @ Utah,9:00 PM,Delta Center
Minnesota @ LA Clippers,10:00 PM,Intuit Dome
Cleveland @ Detroit,7:00 PM,Little Caesars Arena
Brooklyn @ Boston,7:30 PM,TD Garden
New York @ Milwaukee,8:00 PM,Fiserv Forum
Memphis @ Dallas,8:30 PM,American Airlines Center
Denver @ Okla City,9:30 PM,Paycom Center
Portland @ Charlotte,1:00 PM,Spectrum Center
Houston @ Miami,3:00 PM,Kaseya Center
Toronto @ Washington,7:00 PM,Capital One Arena
LA Lakers @ Golden State,8:30 PM,Chase Center
New Orleans @ Utah,9:30 PM,Delta Center
San Antonio @ New York,1:00 PM,Madison Square Garden
Cleveland @ Brooklyn,3:30 PM,Barclays Center
Milwaukee @ Chicago,3:30 PM,United Center
Minnesota @ Denver,3:30 PM,Ball Arena
Memphis @ Indiana,5:00 PM,Gainbridge Fieldhouse
Portland @ Atlanta,6:00 PM,State Farm Arena
Philadelphia @ Boston,6:00 PM,TD Garden
Detroit @ Orlando,6:00 PM,Kia Center
Okla City @ Dallas,8:00 PM,American Airlines Center
New Orleans @ LA Clippers,9:00 PM,Intuit Dome
Sacramento @ LA Lakers,9:30 PM,Crypto.com Arena
Houston @ Washington,7:00 PM,Capital One Arena
Boston @ Milwaukee,7:30 PM,Fiserv Forum
Denver @ Utah,9:00 PM,Delta Center
LA Clippers @ Golden State,10:00 PM,Chase Center
Dallas @ Charlotte,7:00 PM,Spectrum Center
Detroit @ Cleveland,7:00 PM,Rocket Arena
Washington @ Orlando,7:00 PM,Kia Center
Brooklyn @ Miami,7:30 PM,Kaseya Center
New York @ Toronto,7:30 PM,Scotiabank Arena
San Antonio @ Philadelphia,8:00 PM,Xfinity Mobile Arena
Okla City @ Chicago,8:00 PM,United Center
Memphis @ Minnesota,8:00 PM,Target Center
New Orleans @ LA Lakers,10:30 PM,Crypto.com Arena
Phoenix @ Sacramento,11:00 PM,Golden 1 Center
Okla City @ New York,7:00 PM,Madison Square Garden
Charlotte @ Boston,7:30 PM,TD Garden
Utah @ Philadelphia,7:30 PM,Xfinity Mobile Arena
Portland @ Memphis,8:00 PM,FedExForum
Atlanta @ Milwaukee,9:30 PM,Fiserv Forum
Indiana @ LA Clippers,10:30 PM,Intuit Dome
Dallas @ Orlando,7:00 PM,Kia Center
Utah @ Washington,7:00 PM,Capital One Arena
Brooklyn @ Miami,7:30 PM,Kaseya Center
Golden State @ Houston,7:30 PM,Toyota Center
Toronto @ Minnesota,8:00 PM,Target Center
Detroit @ San Antonio,8:00 PM,Frost Bank Center
Chicago @ Phoenix,9:00 PM,Mortgage Matchup Center
LA Lakers @ Denver,10:00 PM,Ball Arena
New Orleans @ Sacramento,10:00 PM,Golden 1 Center
Dallas @ Boston,7:00 PM,TD Garden
Miami @ Charlotte,7:00 PM,Spectrum Center
Portland @ Houston,8:00 PM,Toyota Center
New York @ Denver,9:00 PM,Ball Arena
New Orleans @ Phoenix,9:00 PM,Mortgage Matchup Center
LA Clippers @ San Antonio,9:30 PM,Frost Bank Center
Indiana @ LA Lakers,10:30 PM,Crypto.com Arena
Orlando @ Minnesota,3:00 PM,Target Center
Brooklyn @ Detroit,6:00 PM,Little Caesars Arena
Philadelphia @ Atlanta,7:30 PM,State Farm Arena
Utah @ Milwaukee,8:00 PM,Fiserv Forum
LA Clippers @ Memphis,8:00 PM,FedExForum
Golden State @ Okla City,8:30 PM,Paycom Center
Boston @ Cleveland,1:00 PM,Rocket Arena
New York @ LA Lakers,3:30 PM,Crypto.com Arena
Detroit @ Miami,6:00 PM,Kaseya Center
Dallas @ Toronto,6:00 PM,Scotiabank Arena
Washington @ New Orleans,7:00 PM,Smoothie King Center
Houston @ San Antonio,8:00 PM,Frost Bank Center
Orlando @ Milwaukee,8:00 PM,Fiserv Forum
Chicago @ Sacramento,9:00 PM,Golden 1 Center
Indiana @ Portland,9:00 PM,Moda Center
Charlotte @ Phoenix,9:00 PM,Mortgage Matchup Center
Philadelphia @ Cleveland,7:00 PM,Rocket Arena
Denver @ Okla City,7:30 PM,Paycom Center
Memphis @ Brooklyn,7:30 PM,Barclays Center
Golden State @ Utah,9:00 PM,Delta Center
New York @ LA Clippers,10:00 PM,Intuit Dome
Memphis @ Philadelphia,7:00 PM,Xfinity Mobile Arena
Detroit @ Brooklyn,7:30 PM,Barclays Center
Washington @ Miami,7:30 PM,Kaseya Center
Toronto @ Houston,8:00 PM,Toyota Center
Phoenix @ Milwaukee,8:00 PM,Fiserv Forum
Dallas @ Atlanta,8:00 PM,State Farm Arena
Boston @ San Antonio,8:00 PM,Frost Bank Center
Chicago @ Golden State,10:00 PM,Chase Center
Charlotte @ Portland,10:00 PM,Moda Center
Indiana @ Sacramento,10:00 PM,Golden 1 Center
Minnesota @ LA Lakers,11:00 PM,Crypto.com Arena
Cleveland @ Orlando,7:30 PM,Kia Center
Toronto @ New Orleans,8:00 PM,Smoothie King Center
New York @ Utah,9:00 PM,Delta Center
Houston @ Denver,10:00 PM,Ball Arena
Charlotte @ Sacramento,10:00 PM,Golden 1 Center
Minnesota @ LA Clippers,10:30 PM,Intuit Dome
Philadelphia @ Detroit,7:00 PM,Little Caesars Arena
Washington @ Orlando,7:00 PM,Kia Center
Phoenix @ Indiana,7:00 PM,Gainbridge Fieldhouse
Milwaukee @ Miami,7:30 PM,Kaseya Center
Brooklyn @ Atlanta,7:30 PM,State Farm Arena
Denver @ San Antonio,9:00 PM,Frost Bank Center
Boston @ Okla City,9:30 PM,Paycom Center
Chicago @ LA Lakers,10:30 PM,Crypto.com Arena
Memphis @ Detroit,7:30 PM,Little Caesars Arena
New York @ Indiana,7:30 PM,Gainbridge Fieldhouse
Phoenix @ Toronto,7:30 PM,Scotiabank Arena
New Orleans @ Houston,8:00 PM,Toyota Center
Cleveland @ Dallas,8:30 PM,American Airlines Center
Minnesota @ Golden State,10:00 PM,Chase Center
Utah @ Portland,10:00 PM,Moda Center
Chicago @ LA Clippers,10:30 PM,Intuit Dome
Brooklyn @ Philadelphia,1:00 PM,Xfinity Mobile Arena
Milwaukee @ Atlanta,3:00 PM,State Farm Arena
Washington @ Boston,6:00 PM,TD Garden
Orlando @ Miami,8:00 PM,Kaseya Center
Charlotte @ San Antonio,8:00 PM,Frost Bank Center
Denver @ LA Lakers,8:30 PM,Crypto.com Arena
Sacramento @ LA Clippers,10:30 PM,Intuit Dome
Minnesota @ Okla City,1:00 PM,Paycom Center
Dallas @ Cleveland,3:30 PM,Rocket Arena
Indiana @ Milwaukee,3:30 PM,Fiserv Forum
Detroit @ Toronto,3:30 PM,Scotiabank Arena
Portland @ Philadelphia,6:00 PM,Xfinity Mobile Arena
Golden State @ New York,8:00 PM,Madison Square Garden
Utah @ Sacramento,10:00 PM,Golden 1 Center
Orlando @ Atlanta,7:00 PM,State Farm Arena
Golden State @ Washington,7:00 PM,Capital One Arena
Portland @ Brooklyn,7:30 PM,Barclays Center
Memphis @ Chicago,8:00 PM,United Center
Phoenix @ Boston,8:00 PM,TD Garden
Dallas @ New Orleans,8:00 PM,Smoothie King Center
LA Lakers @ Houston,9:00 PM,Toyota Center
San Antonio @ LA Clippers,10:30 PM,Intuit Dome
Okla City @ Orlando,7:00 PM,Kia Center
Miami @ Charlotte,7:00 PM,Spectrum Center
Detroit @ Washington,7:00 PM,Capital One Arena
Indiana @ New York,7:30 PM,Madison Square Garden
Cleveland @ Milwaukee,8:00 PM,Fiserv Forum
Phoenix @ Minnesota,8:00 PM,Target Center
Philadelphia @ Denver,9:00 PM,Ball Arena
San Antonio @ Sacramento,11:00 PM,Golden 1 Center
Golden State @ Boston,7:00 PM,TD Garden
Okla City @ Brooklyn,7:30 PM,Barclays Center
Portland @ Indiana,7:30 PM,Gainbridge Fieldhouse
Utah @ Minnesota,8:00 PM,Target Center
New York @ Memphis,8:00 PM,FedExForum
LA Clippers @ New Orleans,8:00 PM,Smoothie King Center
Toronto @ Chicago,8:00 PM,United Center
Atlanta @ Dallas,8:30 PM,American Airlines Center
LA Lakers @ Houston,9:30 PM,Toyota Center
Orlando @ Charlotte,7:00 PM,Spectrum Center
Detroit @ Washington,7:00 PM,Capital One Arena
LA Lakers @ Miami,8:00 PM,Kaseya Center
Cleveland @ Chicago,8:00 PM,United Center
LA Clippers @ New Orleans,8:00 PM,Smoothie King Center
Phoenix @ San Antonio,8:00 PM,Frost Bank Center
Milwaukee @ Utah,9:00 PM,Delta Center
Philadelphia @ Sacramento,10:00 PM,Golden 1 Center
New York @ Brooklyn,7:30 PM,Barclays Center
Golden State @ Detroit,7:30 PM,Little Caesars Arena
Portland @ Minnesota,8:00 PM,Target Center
Boston @ Memphis,8:00 PM,FedExForum
Atlanta @ Houston,8:00 PM,Toyota Center
Toronto @ Denver,9:00 PM,Ball Arena
Okla City @ Washington,5:00 PM,Capital One Arena
Cleveland @ New Orleans,7:00 PM,Smoothie King Center
LA Lakers @ Orlando,7:00 PM,Kia Center
Memphis @ Charlotte,7:00 PM,Spectrum Center
Golden State @ Atlanta,8:00 PM,State Farm Arena
Indiana @ San Antonio,8:00 PM,Frost Bank Center
Miami @ Houston,8:00 PM,Toyota Center
LA Clippers @ Dallas,8:30 PM,American Airlines Center
Philadelphia @ Utah,9:30 PM,Delta Center
Milwaukee @ Phoenix,10:00 PM,Mortgage Matchup Center
Portland @ Denver,5:00 PM,Ball Arena
Brooklyn @ Sacramento,6:00 PM,Golden 1 Center
Washington @ New York,7:30 PM,Madison Square Garden
Minnesota @ Boston,8:00 PM,TD Garden
Toronto @ Phoenix,9:00 PM,Mortgage Matchup Center
Memphis @ Atlanta,7:00 PM,State Farm Arena
LA Lakers @ Detroit,7:00 PM,Little Caesars Arena
Indiana @ Orlando,7:00 PM,Kia Center
Okla City @ Philadelphia,7:00 PM,Xfinity Mobile Arena
San Antonio @ Miami,7:30 PM,Kaseya Center
Houston @ Chicago,8:00 PM,United Center
Toronto @ Utah,9:00 PM,Delta Center
Golden State @ Dallas,9:30 PM,American Airlines Center
Brooklyn @ Portland,10:00 PM,Moda Center
Milwaukee @ LA Clippers,10:30 PM,Intuit Dome
Sacramento @ Charlotte,7:00 PM,Spectrum Center
New Orleans @ New York,7:30 PM,Madison Square Garden
Orlando @ Cleveland,8:00 PM,Rocket Arena
Denver @ Phoenix,11:00 PM,Mortgage Matchup Center
Atlanta @ Detroit,7:00 PM,Little Caesars Arena
LA Lakers @ Indiana,7:00 PM,Gainbridge Fieldhouse
Chicago @ Philadelphia,7:00 PM,Xfinity Mobile Arena
Okla City @ Boston,7:30 PM,TD Garden
Miami @ Cleveland,7:30 PM,Rocket Arena
San Antonio @ Memphis,8:00 PM,FedExForum
Washington @ Utah,9:00 PM,Delta Center
Houston @ Minnesota,9:30 PM,Target Center
Dallas @ Denver,10:00 PM,Ball Arena
Milwaukee @ Portland,10:00 PM,Moda Center
Brooklyn @ Golden State,10:00 PM,Chase Center
Toronto @ LA Clippers,10:30 PM,Intuit Dome
New York @ Charlotte,7:00 PM,Spectrum Center
New Orleans @ Detroit,7:00 PM,Little Caesars Arena
Sacramento @ Orlando,7:00 PM,Kia Center
LA Clippers @ Indiana,7:00 PM,Gainbridge Fieldhouse
Atlanta @ Boston,7:30 PM,TD Garden
Miami @ Cleveland,7:30 PM,Rocket Arena
Houston @ Memphis,8:00 PM,FedExForum
Chicago @ Okla City,8:00 PM,Paycom Center
New Orleans @ Toronto,8:30 PM,Scotiabank Arena
Utah @ Denver,9:00 PM,Ball Arena
Washington @ Golden State,10:00 PM,Chase Center
Dallas @ Portland,10:00 PM,Moda Center
Brooklyn @ LA Lakers,10:30 PM,Crypto.com Arena
San Antonio @ Milwaukee,3:00 PM,Fiserv Forum
Philadelphia @ Charlotte,6:00 PM,Spectrum Center
Sacramento @ Atlanta,7:30 PM,State Farm Arena
Chicago @ Memphis,8:00 PM,FedExForum
Detroit @ Minnesota,8:00 PM,Target Center
Utah @ Phoenix,10:00 PM,Mortgage Matchup Center
LA Clippers @ Milwaukee,3:30 PM,Fiserv Forum
Miami @ Indiana,5:00 PM,Gainbridge Fieldhouse
Sacramento @ Brooklyn,6:00 PM,Barclays Center
Boston @ Charlotte,6:00 PM,Spectrum Center
Orlando @ Toronto,6:00 PM,Scotiabank Arena
Washington @ Portland,6:00 PM,Moda Center
Houston @ New Orleans,7:00 PM,Smoothie King Center
New York @ Okla City,7:30 PM,Paycom Center
Golden State @ Denver,10:00 PM,Ball Arena
Philadelphia @ Miami,7:00 PM,Kaseya Center
Boston @ Atlanta,7:30 PM,State Farm Arena
Phoenix @ Memphis,8:00 PM,FedExForum
Chicago @ San Antonio,8:00 PM,Frost Bank Center
Minnesota @ Dallas,8:30 PM,American Airlines Center
Cleveland @ Utah,9:00 PM,Delta Center
Detroit @ Okla City,9:30 PM,Paycom Center
Washington @ LA Lakers,10:00 PM,Crypto.com Arena
Phoenix @ Orlando,7:00 PM,Kia Center
Charlotte @ Brooklyn,7:30 PM,Barclays Center
Toronto @ Detroit,8:00 PM,Little Caesars Arena
New York @ Houston,8:00 PM,Toyota Center
Cleveland @ LA Lakers,10:30 PM,Crypto.com Arena
Portland @ LA Clippers,11:00 PM,Intuit Dome
Philadelphia @ Washington,7:00 PM,Capital One Arena
Boston @ Miami,7:30 PM,Kaseya Center
Atlanta @ Orlando,7:30 PM,Kia Center
Sacramento @ Toronto,8:00 PM,Scotiabank Arena
Indiana @ Chicago,8:00 PM,United Center
Milwaukee @ Houston,8:00 PM,Toyota Center
Dallas @ Memphis,8:00 PM,FedExForum
Denver @ Utah,9:00 PM,Delta Center
San Antonio @ Golden State,10:00 PM,Chase Center
Phoenix @ Charlotte,7:00 PM,Spectrum Center
Minnesota @ Detroit,7:00 PM,Little Caesars Arena
LA Lakers @ Okla City,7:30 PM,Paycom Center
Cleveland @ Golden State,10:00 PM,Chase Center
New Orleans @ Portland,10:00 PM,Moda Center
San Antonio @ LA Clippers,10:30 PM,Intuit Dome
Indiana @ Charlotte,7:00 PM,Spectrum Center
Minnesota @ Philadelphia,7:00 PM,Xfinity Mobile Arena
Atlanta @ Brooklyn,7:30 PM,Barclays Center
Chicago @ New York,7:30 PM,Madison Square Garden
Utah @ Houston,8:00 PM,Toyota Center
Toronto @ Memphis,8:00 PM,FedExForum
Boston @ Milwaukee,8:00 PM,Fiserv Forum
Orlando @ Dallas,8:30 PM,American Airlines Center
New Orleans @ Sacramento,10:00 PM,Golden 1 Center
Washington @ Miami,3:00 PM,Kaseya Center
San Antonio @ Denver,3:00 PM,Ball Arena
Detroit @ Philadelphia,7:00 PM,Xfinity Mobile Arena
Toronto @ Boston,3:30 PM,TD Garden
Washington @ Brooklyn,3:30 PM,Barclays Center
Phoenix @ Chicago,3:30 PM,United Center
Memphis @ Milwaukee,3:30 PM,Fiserv Forum
Indiana @ Cleveland,6:00 PM,Rocket Arena
Charlotte @ Minnesota,7:00 PM,Target Center
Orlando @ New Orleans,7:00 PM,Smoothie King Center
Utah @ Okla City,7:00 PM,Paycom Center
LA Lakers @ Dallas,7:30 PM,American Airlines Center
LA Clippers @ Sacramento,9:00 PM,Golden 1 Center
Houston @ Golden State,10:00 PM,Chase Center
New York @ Atlanta,7:00 PM,State Farm Arena
Detroit @ Orlando,7:00 PM,Kia Center
Cleveland @ Memphis,8:00 PM,FedExForum
Philadelphia @ San Antonio,8:00 PM,Frost Bank Center
Portland @ Denver,9:00 PM,Ball Arena
Chicago @ Washington,7:00 PM,Capital One Arena
Charlotte @ Boston,7:30 PM,TD Garden
Milwaukee @ Brooklyn,7:30 PM,Barclays Center
Miami @ Toronto,7:30 PM,Scotiabank Arena
Minnesota @ Indiana,8:00 PM,Gainbridge Fieldhouse
Utah @ New Orleans,8:00 PM,Smoothie King Center
Sacramento @ Golden State,10:00 PM,Chase Center
Dallas @ LA Clippers,10:30 PM,Intuit Dome
Okla City @ LA Lakers,10:30 PM,Crypto.com Arena
Houston @ Phoenix,11:00 PM,Mortgage Matchup Center
Atlanta @ Cleveland,7:00 PM,Rocket Arena
Minnesota @ Orlando,7:00 PM,Kia Center
Milwaukee @ Detroit,7:30 PM,Little Caesars Arena
Portland @ San Antonio,8:00 PM,Frost Bank Center
Memphis @ Denver,9:00 PM,Ball Arena
Dallas @ Phoenix,10:00 PM,Mortgage Matchup Center
Okla City @ LA Clippers,10:00 PM,Intuit Dome
Chicago @ Washington,7:00 PM,Capital One Arena
Miami @ Toronto,7:00 PM,Scotiabank Arena
Boston @ New York,7:30 PM,Madison Square Garden
Indiana @ Brooklyn,7:30 PM,Barclays Center
Philadelphia @ Houston,8:00 PM,Toyota Center
LA Lakers @ Golden State,10:00 PM,Chase Center
Miami @ Washington,7:00 PM,Capital One Arena
Detroit @ Charlotte,7:00 PM,Spectrum Center
New Orleans @ Boston,7:30 PM,TD Garden
Cleveland @ Atlanta,7:30 PM,State Farm Arena
Toronto @ New York,7:30 PM,Madison Square Garden
Philadelphia @ Indiana,7:30 PM,Gainbridge Fieldhouse
Minnesota @ Houston,8:00 PM,Toyota Center
Brooklyn @ Milwaukee,8:00 PM,Fiserv Forum
Orlando @ Chicago,8:00 PM,United Center
Dallas @ San Antonio,8:00 PM,Frost Bank Center
Memphis @ Utah,9:30 PM,Delta Center
LA Clippers @ Portland,10:00 PM,Moda Center
Okla City @ Denver,10:00 PM,Ball Arena
Golden State @ Sacramento,10:00 PM,Golden 1 Center
Phoenix @ LA Lakers,10:30 PM,Crypto.com Arena
Orlando @ Boston,6:00 PM,TD Garden
Washington @ Cleveland,6:00 PM,Rocket Arena
Detroit @ Indiana,6:00 PM,Gainbridge Fieldhouse
Atlanta @ Miami,6:00 PM,Kaseya Center
Charlotte @ New York,6:00 PM,Madison Square Garden
Milwaukee @ Philadelphia,6:00 PM,Xfinity Mobile Arena
Brooklyn @ Toronto,6:00 PM,Scotiabank Arena
Chicago @ Dallas,8:30 PM,American Airlines Center
Memphis @ Houston,8:30 PM,Toyota Center
New Orleans @ Minnesota,8:30 PM,Target Center
Phoenix @ Okla City,8:30 PM,Paycom Center
Denver @ San Antonio,8:30 PM,Frost Bank Center
Utah @ LA Lakers,8:30 PM,Crypto.com Arena
Golden State @ LA Clippers,8:30 PM,Intuit Dome
Sacramento @ Portland,8:30 PM,Moda Center
